City_ID,City,Country,Date,Lat,Lng,Max Temp,Humidity,Cloudiness,Wind Speed
0,Chuy,UY,2022-08-01 01:51:26,-33.6971,-53.4616,47.03,84,51,5.14
1,Sao Miguel Do Araguaia,BR,2022-08-01 01:51:26,-13.275,-50.1628,74.77,23,0,2.42
2,Jaitaran,IN,2022-08-01 01:51:26,26.2031,73.9364,79.54,84,50,15.41
3,Petukhovo,RU,2022-08-01 01:51:27,55.0692,67.9019,63.66,92,68,7.83
4,Bethel,US,2022-08-01 01:51:27,41.3712,-73.414,77.36,69,100,5.12
5,Hermanus,ZA,2022-08-01 01:51:27,-34.4187,19.2345,38.8,74,0,7.54
6,Avarua,CK,2022-08-01 01:50:14,-21.2078,-159.775,77.05,73,75,13.8
7,Ontario,US,2022-08-01 01:47:03,34.0633,-117.6509,94.1,40,75,17.27
8,Hobart,AU,2022-08-01 01:51:28,-42.8794,147.3294,54.27,61,40,14.97
9,Albany,US,2022-08-01 01:51:28,42.6001,-73.9662,73.63,72,100,2.28
10,Tanete,ID,2022-08-01 01:51:29,-3.9443,119.7848,81.34,81,100,6.13
11,Lebu,CL,2022-08-01 01:51:29,-37.6167,-73.65,46.58,84,100,4.32
12,Puerto Ayora,EC,2022-08-01 01:51:29,-0.7393,-90.3518,71.55,92,79,5.99
13,Dongsheng,CN,2022-08-01 01:51:30,39.8161,109.9776,77.4,47,23,16.06
14,Butaritari,KI,2022-08-01 01:51:30,3.0707,172.7902,81.52,78,82,12.97
15,Qaanaaq,GL,2022-08-01 01:51:30,77.484,-69.3632,43.9,65,100,2.77
16,Chivilcoy,AR,2022-08-01 01:51:00,-34.8957,-60.0167,51.69,70,0,7.02
17,Jamestown,US,2022-08-01 01:51:31,42.097,-79.2353,71.24,73,0,0.0
18,Dikson,RU,2022-08-01 01:51:31,73.5069,80.5464,41.31,93,100,8.9
19,Vera Cruz,BR,2022-08-01 01:51:31,-12.6333,-41.0333,71.17,80,2,6.24
20,Havelock,US,2022-08-01 01:46:48,34.8791,-76.9013,80.58,90,100,9.91
21,Airai,TL,2022-08-01 01:51:32,-8.9266,125.4092,72.84,53,52,2.66
22,Mar Del Plata,AR,2022-08-01 01:51:32,-38.0023,-57.5575,54.88,84,0,3.0
23,Barrow,US,2022-08-01 01:51:32,71.2906,-156.7887,35.62,87,100,9.22
24,Grand Gaube,MU,2022-08-01 01:51:33,-20.0064,57.6608,68.4,81,1,3.0
25,Merced,US,2022-08-01 01:51:33,37.1666,-120.7516,93.43,23,10,13.53
26,Namibe,AO,2022-08-01 01:51:33,-15.1961,12.1522,56.73,79,3,10.94
27,Kapaa,US,2022-08-01 01:51:34,22.0752,-159.319,84.52,67,0,14.97
28,Rikitea,PF,2022-08-01 01:51:34,-23.1203,-134.9692,72.1,74,100,24.45
29,Staraya Poltavka,RU,2022-08-01 01:51:35,50.4772,46.4814,68.4,69,75,13.42
30,Tual,ID,2022-08-01 01:51:35,-5.6667,132.75,79.56,84,100,17.49
31,New Norfolk,AU,2022-08-01 01:51:35,-42.7826,147.0587,53.92,76,54,4.0
32,Ribeira Grande,PT,2022-08-01 01:51:35,38.5167,-28.7,73.78,76,19,7.07
33,North Bend,US,2022-08-01 01:51:36,43.4065,-124.2243,73.24,94,75,6.91
34,Cherskiy,RU,2022-08-01 01:51:36,68.75,161.3,72.23,33,77,17.6
35,Cidreira,BR,2022-08-01 01:51:36,-30.1811,-50.2056,58.41,90,2,9.1
36,Jibuti,DJ,2022-08-01 01:47:02,11.5,42.5,82.08,50,43,15.97
37,Mataura,NZ,2022-08-01 01:51:37,-46.1927,168.8643,51.48,69,81,9.13
38,Port Hardy,CA,2022-08-01 01:46:48,50.6996,-127.4199,69.98,73,75,12.66
39,Busselton,AU,2022-08-01 01:51:37,-33.65,115.3333,59.29,88,100,13.13
40,Margate,GB,2022-08-01 01:51:38,51.3813,1.3862,64.9,91,100,1.01
41,Tuktoyaktuk,CA,2022-08-01 01:51:38,69.4541,-133.0374,64.4,55,40,4.61
42,Chelmsford,GB,2022-08-01 01:51:38,51.7357,0.4696,65.86,88,99,1.01
43,Betare Oya,CM,2022-08-01 01:51:39,5.6,14.0833,65.68,98,100,3.4
44,Hasaki,JP,2022-08-01 01:51:39,35.7333,140.8333,95.29,67,99,5.84
45,Saskylakh,RU,2022-08-01 01:52:39,71.9167,114.0833,45.73,76,100,9.91
46,Alofi,NU,2022-08-01 01:52:39,-19.0595,-169.9187,80.49,74,3,13.8
47,Mehamn,NO,2022-08-01 01:52:40,71.0357,27.8492,57.15,88,75,0.0
48,Sao Gabriel Da Cachoeira,BR,2022-08-01 01:50:00,-0.1303,-67.0892,76.06,86,85,1.54
49,Waingapu,ID,2022-08-01 01:52:40,-9.6567,120.2641,82.85,64,34,9.69
50,Sawakin,SD,2022-08-01 01:52:41,19.1059,37.3321,90.91,51,99,10.76
51,Ocos,GT,2022-08-01 01:52:41,14.5094,-92.1933,80.78,79,100,6.44
52,Faanui,PF,2022-08-01 01:52:41,-16.4833,-151.75,78.42,72,10,23.94
53,Port-Cartier,CA,2022-08-01 01:49:32,50.0334,-66.8654,74.88,88,92,5.32
54,Dingle,PH,2022-08-01 01:52:42,10.9995,122.6711,84.63,71,100,1.66
55,Kamaishi,JP,2022-08-01 01:52:42,39.2667,141.8833,77.38,87,100,4.54
56,Port Alfred,ZA,2022-08-01 01:52:42,-33.5906,26.891,51.93,72,0,9.42
57,Hofn,IS,2022-08-01 01:52:43,64.2539,-15.2082,49.5,62,45,15.99
58,Yar-Sale,RU,2022-08-01 01:52:43,66.8333,70.8333,54.3,66,5,8.03
59,Punta Arenas,CL,2022-08-01 01:52:43,-53.15,-70.9167,42.91,75,75,12.66
60,Nikolskoye,RU,2022-08-01 01:52:44,59.7035,30.7861,57.79,83,100,4.41
61,Aklavik,CA,2022-08-01 01:52:44,68.2191,-135.0107,67.5,45,75,6.93
62,Yellowknife,CA,2022-08-01 01:52:44,62.456,-114.3525,66.72,42,40,8.05
63,Gazojak,TM,2022-08-01 01:52:45,41.1875,61.4036,79.48,33,96,6.73
64,Uyemskiy,RU,2022-08-01 01:52:45,64.4743,40.8524,53.65,100,40,0.0
65,Sao Francisco,BR,2022-08-01 01:52:45,-15.9486,-44.8644,71.58,37,4,4.7
66,East London,ZA,2022-08-01 01:51:54,-33.0153,27.9116,53.49,62,0,6.76
67,Bluff,NZ,2022-08-01 01:52:46,-46.6,168.3333,51.8,74,100,16.87
68,Karaton,ID,2022-08-01 01:52:46,-6.3424,106.1045,81.82,64,74,4.21
69,Sinop,TR,2022-08-01 01:52:46,41.7711,34.8709,65.05,86,0,4.32
70,Geraldton,AU,2022-08-01 01:52:47,-28.7667,114.6,66.61,63,100,27.63
71,Sobolevo,RU,2022-08-01 01:52:47,54.4299,31.8996,59.79,74,100,8.52
72,Gidam,IN,2022-08-01 01:52:47,18.9833,81.4,78.8,86,100,0.51
73,Vaini,TO,2022-08-01 01:51:55,-21.2,-175.2,80.76,94,75,6.91
74,Deputatskiy,RU,2022-08-01 01:52:48,69.3,139.9,68.72,67,100,4.21
75,Westport,US,2022-08-01 01:49:49,41.1415,-73.3579,78.03,83,100,1.99
76,Saint-Leu,RE,2022-08-01 01:52:48,-21.15,55.2833,68.32,73,31,2.59
77,Garissa,KE,2022-08-01 01:52:48,-0.4536,39.6401,71.29,84,34,13.71
78,Ambovombe,MG,2022-08-01 01:52:49,-25.1667,46.0833,65.1,91,13,6.22
79,Santa Maria,BR,2022-08-01 01:52:49,-29.6842,-53.8069,49.3,100,1,0.0
80,Robertsport,LR,2022-08-01 01:52:49,6.7533,-11.3686,76.98,81,100,10.16
81,Rapina,EE,2022-08-01 01:52:50,58.0981,27.4636,60.37,76,100,7.52
82,Khatanga,RU,2022-08-01 01:52:00,71.9667,102.5,48.58,63,66,11.95
83,Carnarvon,AU,2022-08-01 01:52:50,-24.8667,113.6333,70.09,74,100,17.38
84,Cayenne,GF,2022-08-01 01:52:51,4.9333,-52.3333,83.08,1,69,3.44
85,Tasiilaq,GL,2022-08-01 01:52:51,65.6145,-37.6368,37.62,51,26,4.07
86,Opuwo,NA,2022-08-01 01:52:51,-18.0607,13.84,47.71,61,22,6.11
87,Teberda,RU,2022-08-01 01:52:52,43.4456,41.7448,58.42,58,0,6.17
88,Makat,KZ,2022-08-01 01:52:52,47.6469,53.3463,81.03,36,99,6.51
89,Auki,SB,2022-08-01 01:52:52,-8.7676,160.7034,85.77,65,11,5.21
90,Atuona,PF,2022-08-01 01:53:53,-9.8,-139.0333,77.23,71,12,12.08
91,Lorengau,PG,2022-08-01 01:53:53,-2.0226,147.2712,84.65,72,99,11.5
92,Ushuaia,AR,2022-08-01 01:51:58,-54.8,-68.3,37.06,93,40,5.75
93,Arraial Do Cabo,BR,2022-08-01 01:53:53,-22.9661,-42.0278,68.11,71,0,11.03
94,Hamilton,US,2022-08-01 01:49:02,39.1834,-84.5333,72.81,87,0,6.91
95,Sunbury,AU,2022-08-01 01:53:54,-37.5833,144.7333,54.7,73,75,17.27
96,Lompoc,US,2022-08-01 01:52:57,34.6391,-120.4579,85.78,75,0,11.5
97,Asau,RO,2022-08-01 01:53:54,46.4333,26.4,60.28,94,11,4.81
98,Torbay,CA,2022-08-01 01:53:54,47.6666,-52.7314,67.87,81,20,16.11
99,Ayr,GB,2022-08-01 01:53:55,55.4627,-4.6339,49.32,93,0,3.44
100,Upernavik,GL,2022-08-01 01:53:55,72.7868,-56.1549,48.2,69,98,1.81
101,Kruisfontein,ZA,2022-08-01 01:53:55,-34.0033,24.7314,45.03,77,0,6.4
102,Souillac,MU,2022-08-01 01:49:02,-20.5167,57.5167,68.38,88,75,11.5
103,Chokurdakh,RU,2022-08-01 01:53:56,70.6333,147.9167,66.87,61,100,8.46
104,Dunedin,NZ,2022-08-01 01:53:56,-45.8742,170.5036,53.8,58,98,4.54
105,Georgetown,MY,2022-08-01 01:49:31,5.4112,100.3354,82.89,91,40,3.44
106,Gdansk,PL,2022-08-01 01:51:08,54.3521,18.6464,55.15,93,25,2.3
107,Solnechnyy,RU,2022-08-01 01:53:57,50.7214,136.6319,80.62,62,100,8.32
108,Sabang,ID,2022-08-01 01:53:57,5.8933,95.3214,82.54,74,97,16.26
109,Hithadhoo,MV,2022-08-01 01:53:57,-0.6,73.0833,80.87,73,100,16.44
110,Chipinge,ZW,2022-08-01 01:52:16,-20.1883,32.6236,50.49,60,5,3.74
111,Lavrentiya,RU,2022-08-01 01:53:58,65.5833,-171.0,48.56,70,98,5.39
112,Port Macquarie,AU,2022-08-01 01:53:58,-31.4333,152.9167,65.89,59,100,4.72
113,Cabo San Lucas,MX,2022-08-01 01:53:58,22.8909,-109.9124,84.51,81,27,3.0
114,Jinchang,CN,2022-08-01 01:53:59,38.4953,102.1739,77.11,53,36,8.77
115,Banikoara,BJ,2022-08-01 01:53:59,11.2985,2.4386,71.42,97,80,6.64
116,Kabanjahe,ID,2022-08-01 01:53:59,3.1001,98.4908,70.25,76,100,0.94
117,Simao,CN,2022-08-01 01:54:00,22.7886,100.9748,70.05,95,100,1.45
118,Igarka,RU,2022-08-01 01:54:00,67.4667,86.5833,52.0,57,0,19.62
119,Pangody,RU,2022-08-01 01:54:00,65.85,74.4859,53.28,62,2,12.91
120,Taonan,CN,2022-08-01 01:54:01,45.3333,122.7833,85.68,56,0,7.29
121,Olds,CA,2022-08-01 01:54:01,51.7834,-114.102,76.05,73,61,11.5
122,Lasa,IT,2022-08-01 01:54:01,46.6166,10.7002,65.28,87,0,4.29
123,Tommot,RU,2022-08-01 01:54:02,58.9564,126.2925,71.46,79,100,4.7
124,Santa Cruz De La Palma,ES,2022-08-01 01:54:02,28.6835,-17.7642,71.74,83,20,14.97
125,Tateyama,JP,2022-08-01 01:54:02,34.9833,139.8667,85.24,75,84,10.4
126,Balabac,PH,2022-08-01 01:54:02,7.9868,117.0645,80.26,80,100,7.27
127,Buchanan,LR,2022-08-01 01:54:03,5.8808,-10.0467,75.18,87,92,7.94
128,Norman Wells,CA,2022-08-01 01:52:16,65.282,-126.8329,73.44,46,40,6.91
129,Athabasca,CA,2022-08-01 01:54:03,54.7169,-113.2854,72.01,63,70,2.64
130,Bagdarin,RU,2022-08-01 01:54:04,54.4333,113.6,64.58,77,74,3.18
131,Leningradskiy,RU,2022-08-01 01:54:04,69.3833,178.4167,51.39,64,57,9.28
132,Grootfontein,NA,2022-08-01 01:54:04,-19.5667,18.1167,47.77,46,2,2.3
133,Santa Teresa,VE,2022-08-01 01:54:05,10.2341,-66.6631,73.09,96,100,2.01
134,Longyearbyen,SJ,2022-08-01 01:52:41,78.2186,15.6401,49.84,81,40,6.91
135,Grao Mogol,BR,2022-08-01 01:54:05,-16.5594,-42.8897,59.4,93,26,4.05
136,Binzhou,CN,2022-08-01 01:54:06,37.3667,118.0167,86.61,64,0,4.05
137,Oxelosund,SE,2022-08-01 01:55:06,58.6706,17.1015,59.38,82,0,6.91
138,Natitingou,BJ,2022-08-01 01:55:06,10.3042,1.3796,70.54,96,97,4.0
139,Praia Da Vitoria,PT,2022-08-01 01:55:07,38.7333,-27.0667,71.85,88,20,4.88
140,Bengkulu,ID,2022-08-01 01:55:07,-3.8004,102.2655,81.0,73,82,2.21
141,Meadow Lake,US,2022-08-01 01:55:07,34.8014,-106.5436,82.11,38,94,1.86
142,Arman,RU,2022-08-01 01:55:08,59.7,150.1667,59.02,88,100,7.43
143,Sorong,ID,2022-08-01 01:52:32,-0.8833,131.25,82.2,74,34,2.28
144,Provideniya,RU,2022-08-01 01:55:08,64.3833,-173.3,48.36,81,0,4.47
145,Lamu,KE,2022-08-01 01:55:09,-2.2717,40.902,75.9,73,96,17.02
146,Ust-Ishim,RU,2022-08-01 01:55:09,57.6935,71.1665,59.14,70,94,8.93
147,San Patricio,US,2022-08-01 01:55:09,28.017,-97.5169,87.66,64,63,13.42
148,Esil,KZ,2022-08-01 01:55:09,51.9556,66.4042,66.0,73,40,7.72
149,Kieta,PG,2022-08-01 01:55:02,-6.2167,155.6333,85.48,67,89,6.46
150,Bac Lieu,VN,2022-08-01 01:55:10,9.285,105.7244,83.46,79,100,11.03
151,Constitucion,CL,2022-08-01 01:55:10,-35.3333,-72.4167,48.65,89,95,3.98
152,Oppdal,NO,2022-08-01 01:53:55,62.5943,9.6912,48.04,98,100,5.97
153,Boca Do Acre,BR,2022-08-01 01:55:11,-8.7522,-67.3978,75.9,67,13,2.66
154,Morros,BR,2022-08-01 01:55:11,-9.4467,-46.3003,76.19,48,30,0.4
155,Port-Gentil,GA,2022-08-01 01:55:11,-0.7193,8.7815,74.66,85,17,13.62
156,Pisco,PE,2022-08-01 01:55:12,-13.7,-76.2167,60.85,82,100,9.22
157,Vitim,RU,2022-08-01 01:55:12,59.4511,112.5578,66.79,86,100,6.64
158,College,US,2022-08-01 01:55:12,64.8569,-147.8028,68.2,75,100,5.75
159,Sai Buri,TH,2022-08-01 01:55:13,6.7013,101.6168,82.96,79,100,4.12
160,Wysokie Mazowieckie,PL,2022-08-01 01:55:13,52.9166,22.5171,58.8,98,100,7.27
161,Kahului,US,2022-08-01 01:55:13,20.8947,-156.47,83.97,79,21,13.0
162,Lac Du Bonnet,CA,2022-08-01 01:55:14,50.2536,-96.0612,59.13,81,64,6.22
163,Tiksi,RU,2022-08-01 01:52:36,71.6872,128.8694,40.28,94,100,17.07
164,Iqaluit,CA,2022-08-01 01:55:14,63.7506,-68.5145,46.13,80,75,6.91
165,Tuatapere,NZ,2022-08-01 01:55:15,-46.1333,167.6833,50.13,78,100,9.06
166,Mount Gambier,AU,2022-08-01 01:55:15,-37.8333,140.7667,56.05,70,7,14.12
167,Bubaque,GW,2022-08-01 01:55:15,11.2833,-15.8333,79.02,78,100,16.02
168,Kushima,JP,2022-08-01 01:55:15,31.4583,131.2333,83.37,88,100,11.56
169,Bambanglipuro,ID,2022-08-01 01:54:43,-7.95,110.2833,80.49,68,36,2.46
170,Mokhotlong,LS,2022-08-01 01:55:16,-29.2894,29.0675,34.52,73,1,3.06
171,Cape Town,ZA,2022-08-01 01:55:16,-33.9258,18.4232,55.38,76,0,7.0
172,Akita,JP,2022-08-01 01:54:55,39.7167,140.1167,85.14,84,75,1.14
173,Petropavlovsk-Kamchatskiy,RU,2022-08-01 01:52:38,53.0452,158.6483,63.19,59,75,4.47
174,Puksoozero,RU,2022-08-01 01:55:17,62.5903,40.6066,49.78,95,12,4.18
175,Linxia,CN,2022-08-01 01:55:17,35.6003,103.2064,71.47,67,97,2.48
176,Husavik,IS,2022-08-01 01:55:17,66.0449,-17.3389,41.83,95,100,9.26
177,Korla,CN,2022-08-01 01:55:18,41.7597,86.1469,81.37,35,16,15.14
178,Avera,US,2022-08-01 01:55:18,33.194,-82.5271,83.71,42,25,6.06
179,Bressanone,IT,2022-08-01 01:55:18,46.715,11.656,64.72,87,8,2.44
180,Wad Madani,SD,2022-08-01 01:55:19,14.4012,33.5199,77.27,78,80,19.64
181,Fort Nelson,CA,2022-08-01 01:55:19,58.8053,-122.7002,69.39,68,75,5.75
182,Srednekolymsk,RU,2022-08-01 01:56:20,67.45,153.6833,77.81,33,100,12.73
183,Goderich,CA,2022-08-01 01:56:20,43.7501,-81.7165,75.52,60,59,6.91
184,Kirakira,SB,2022-08-01 01:56:20,-10.4544,161.9205,84.47,72,16,11.9
185,Bredasdorp,ZA,2022-08-01 01:53:47,-34.5322,20.0403,41.56,83,0,3.74
186,Nanortalik,GL,2022-08-01 01:56:21,60.1432,-45.2371,45.73,95,52,7.54
187,Eina,NO,2022-08-01 01:56:21,60.6295,10.5993,54.27,99,100,2.08
188,Poyarkovo,RU,2022-08-01 01:56:21,49.6,128.6833,79.81,74,100,4.56
189,Manokwari,ID,2022-08-01 01:56:22,-0.8667,134.0833,82.67,69,72,5.1
190,Narsaq,GL,2022-08-01 01:51:51,60.9167,-46.05,46.17,89,100,4.7
191,Aykhal,RU,2022-08-01 01:56:22,66.0,111.5,54.16,91,100,14.29
192,Emerald,AU,2022-08-01 01:56:23,-23.5333,148.1667,67.33,67,86,9.6
193,El Dorado,US,2022-08-01 01:56:23,38.7666,-120.5177,88.38,43,23,7.05
194,Klaksvik,FO,2022-08-01 01:56:23,62.2266,-6.589,50.49,84,83,13.29
195,Lazaro Cardenas,MX,2022-08-01 01:56:24,17.9583,-102.2,81.93,77,94,5.5
196,Broken Hill,AU,2022-08-01 01:56:24,-31.95,141.4333,55.54,42,0,4.94
197,Port Blair,IN,2022-08-01 01:56:24,11.6667,92.75,80.64,89,40,8.05
198,Ambilobe,MG,2022-08-01 01:56:25,-13.2,49.05,62.2,86,0,3.53
199,Oktyabrskoye,RU,2022-08-01 01:56:25,43.0645,44.7417,59.14,93,1,2.24
200,Madimba,TZ,2022-08-01 01:56:25,-10.4,40.3333,68.05,90,0,6.11
201,Huilong,CN,2022-08-01 01:56:25,31.8111,121.655,85.46,71,2,11.34
202,Necochea,AR,2022-08-01 01:56:26,-38.5473,-58.7368,50.31,82,100,7.43
203,Nome,US,2022-08-01 01:56:26,64.5011,-165.4064,58.15,80,100,9.78
204,Sisimiut,GL,2022-08-01 01:56:26,66.9395,-53.6735,44.33,83,18,2.08
205,Alice Springs,AU,2022-08-01 01:54:38,-23.7,133.8833,62.15,36,49,16.11
206,Hong Gai,VN,2022-08-01 01:56:27,20.956,107.0946,87.71,72,45,4.97
207,Kashi,CN,2022-08-01 01:56:27,39.4547,75.9797,70.81,46,40,8.95
208,Thompson,CA,2022-08-01 01:56:27,55.7435,-97.8558,57.36,94,75,2.3
209,Chapais,CA,2022-08-01 01:56:28,49.7834,-74.8492,62.38,83,43,0.4
210,Castro,BR,2022-08-01 01:54:40,-24.7911,-50.0119,52.0,79,0,2.24
211,Hambantota,LK,2022-08-01 01:56:28,6.1241,81.1185,77.34,100,75,6.91
212,Vanimo,PG,2022-08-01 01:54:43,-2.6741,141.3028,86.41,64,76,6.71
213,Kangaatsiaq,GL,2022-08-01 01:56:29,68.3065,-53.4641,41.74,91,4,5.68
214,Saint-Joseph,RE,2022-08-01 01:56:29,-21.3667,55.6167,65.21,78,27,7.94
215,Pakala,IN,2022-08-01 01:56:29,13.4667,79.1167,77.41,75,100,2.44
216,Salinopolis,BR,2022-08-01 01:51:52,-0.6136,-47.3561,78.19,86,100,9.01
217,Aitape,PG,2022-08-01 01:56:30,-3.1374,142.3475,87.17,61,100,6.06
218,Fare,PF,2022-08-01 01:56:30,-16.7,-151.0167,77.86,73,3,24.85
219,Jalu,LY,2022-08-01 01:56:30,29.0331,21.5482,79.99,52,0,10.16
220,Camacha,PT,2022-08-01 01:56:31,33.0833,-16.3333,67.42,78,40,9.22
221,Pochutla,MX,2022-08-01 01:56:31,15.7432,-96.4661,76.12,87,29,2.91
222,Whitehorse,CA,2022-08-01 01:55:31,60.7161,-135.0538,68.02,56,75,3.0
223,Napier,NZ,2022-08-01 01:54:03,-39.4833,176.9167,55.27,62,2,4.0
224,Guerrero Negro,MX,2022-08-01 01:51:53,27.9769,-114.0611,75.22,65,16,14.2
225,Khudumelapye,BW,2022-08-01 01:56:32,-23.8833,24.75,55.44,34,18,8.28
226,Mahebourg,MU,2022-08-01 01:53:55,-20.4081,57.7,68.29,88,75,11.5
227,Linguere,SN,2022-08-01 01:57:32,15.3953,-15.1193,76.86,86,100,11.32
228,Ostrovnoy,RU,2022-08-01 01:57:32,68.0531,39.5131,55.27,79,94,4.88
229,Pelym,RU,2022-08-01 01:54:27,61.0108,61.9978,58.68,62,100,5.61
230,Severo-Kurilsk,RU,2022-08-01 01:57:33,50.6789,156.125,55.49,78,59,10.25
231,Jijiga,ET,2022-08-01 01:57:33,9.35,42.8,61.16,84,100,18.34
232,Maykor,RU,2022-08-01 01:57:34,59.0059,55.88,60.26,96,93,3.67
233,Sao Filipe,CV,2022-08-01 01:57:34,14.8961,-24.4956,75.15,76,18,6.22
234,Ola,RU,2022-08-01 01:57:35,59.5833,151.2833,59.14,82,95,10.18
235,Esperance,AU,2022-08-01 01:53:31,-33.8667,121.9,55.24,51,97,21.41
236,Saint George,US,2022-08-01 01:53:49,37.1041,-113.5841,87.64,51,0,8.05
237,Ponta Do Sol,PT,2022-08-01 01:57:35,32.6667,-17.1,70.72,80,3,3.85
238,Gari,RU,2022-08-01 01:57:35,59.4307,62.3497,56.16,75,100,7.09
239,General Pico,AR,2022-08-01 01:57:36,-35.6566,-63.7568,51.98,47,3,4.21
240,Killybegs,IE,2022-08-01 01:57:36,54.6333,-8.45,51.76,79,69,3.85
241,Vallenar,CL,2022-08-01 01:57:36,-28.5708,-70.7581,61.63,60,65,2.73
242,Buraydah,SA,2022-08-01 01:57:37,26.326,43.975,86.45,51,99,11.65
243,Gat,IL,2022-08-01 01:53:10,31.61,34.7642,75.88,75,0,2.33
244,Raudeberg,NO,2022-08-01 01:57:37,61.9875,5.1352,52.47,72,35,5.79
245,Khandyga,RU,2022-08-01 01:57:37,62.6667,135.6,82.9,44,100,5.48
246,Netrakona,BD,2022-08-01 01:57:38,24.8833,90.7167,77.58,95,100,8.34
247,Portland,US,2022-08-01 01:57:38,45.5234,-122.6762,98.62,37,0,3.0
248,Havre,FR,2022-08-01 01:57:38,49.5833,0.3333,64.8,88,100,11.5
249,Faya,SA,2022-08-01 01:56:46,18.3851,42.4509,66.72,66,91,6.38
250,Torhout,BE,2022-08-01 01:57:39,51.0607,3.0984,65.8,85,100,3.0
251,Taltal,CL,2022-08-01 01:57:39,-25.4,-70.4833,58.53,81,0,2.8
252,Saldanha,ZA,2022-08-01 01:57:40,-33.0117,17.9442,50.31,80,0,13.09
253,Flinders,AU,2022-08-01 01:57:40,-34.5833,150.8552,67.05,51,7,8.99
254,Dakar,SN,2022-08-01 01:57:40,14.6937,-17.4441,79.68,76,97,9.48
255,Moche,PE,2022-08-01 01:54:28,-8.1711,-79.0092,60.98,88,20,9.22
256,Lyubinskiy,RU,2022-08-01 01:57:41,55.1542,72.6925,65.88,90,85,10.63
257,Sarkand,KZ,2022-08-01 01:57:41,45.41,79.9186,76.32,33,62,4.27
258,Melnikovo,RU,2022-08-01 01:57:41,56.5558,84.085,57.0,99,100,9.24
259,Thessalon,CA,2022-08-01 01:57:41,46.2501,-83.5666,68.29,78,4,5.08
260,Bermejo,AR,2022-08-01 01:57:42,-32.8833,-68.8,51.71,58,0,3.44
261,Okhotsk,RU,2022-08-01 01:57:42,59.3833,143.3,58.89,87,100,8.5
262,Vestmannaeyjar,IS,2022-08-01 01:57:42,63.4427,-20.2734,49.08,75,83,18.37
263,Aksu,CN,2022-08-01 01:57:43,41.1231,80.2644,76.41,44,65,7.07
264,Hilo,US,2022-08-01 01:56:38,19.7297,-155.09,83.28,65,0,10.83
265,Sao Joao Da Barra,BR,2022-08-01 01:53:20,-21.6403,-41.0511,67.03,73,0,5.77
266,Charyshskoye,RU,2022-08-01 01:57:43,51.3978,83.5598,68.07,66,97,3.06
267,Lyuban,BY,2022-08-01 01:57:44,52.7985,28.0048,59.85,85,98,7.49
268,Bairiki,KI,2022-08-01 01:57:44,1.3292,172.9752,86.0,74,20,10.36
269,Venezuela,VE,2022-08-01 01:57:44,8.0,-66.0,77.4,83,100,9.82
270,Manavalakurichi,IN,2022-08-01 01:58:45,8.1333,77.3,78.85,85,100,13.44
271,Fortuna,US,2022-08-01 01:58:45,40.5982,-124.1573,63.99,83,0,14.97
272,Pelotas,BR,2022-08-01 01:58:45,-31.7719,-52.3425,50.02,98,40,2.3
273,Mancio Lima,BR,2022-08-01 01:58:46,-7.6142,-72.8958,77.88,68,79,1.45
274,Barabai,ID,2022-08-01 01:58:46,-2.5833,115.3833,75.4,91,100,1.12
275,Oksovskiy,RU,2022-08-01 01:58:46,62.6062,39.8984,50.29,96,13,3.62
276,Manitouwadge,CA,2022-08-01 01:58:47,49.1215,-85.8403,61.18,97,100,3.13
277,Imbituba,BR,2022-08-01 01:58:47,-28.24,-48.6703,55.09,99,93,10.09
278,Giresun,TR,2022-08-01 01:58:47,40.5,38.5,46.51,85,0,3.53
279,Nouadhibou,MR,2022-08-01 01:58:48,20.931,-17.0347,75.18,78,1,6.91
280,Santa Isabel Do Rio Negro,BR,2022-08-01 01:58:48,-0.4139,-65.0192,73.96,89,19,2.42
281,Kidal,ML,2022-08-01 01:58:48,18.4411,1.4078,91.83,21,36,3.47
282,Nexo,DK,2022-08-01 01:58:49,55.0607,15.1306,60.89,79,100,7.58
283,Bafut,CM,2022-08-01 01:58:49,6.0833,10.1,63.9,98,100,2.08
284,Sao Felix Do Xingu,BR,2022-08-01 01:58:21,-6.6447,-51.995,74.37,71,11,0.45
285,Muroto,JP,2022-08-01 01:58:49,33.2833,134.15,83.3,81,16,7.38
286,Portobelo,PA,2022-08-01 01:58:50,9.55,-79.65,81.73,87,88,5.75
287,Mecca,SA,2022-08-01 01:58:00,21.4267,39.8261,86.18,27,89,3.2
288,Vila Velha,BR,2022-08-01 01:58:50,-20.3297,-40.2925,71.55,84,75,3.44
289,Senno,RU,2022-08-01 01:58:50,59.5336,33.9167,51.93,91,100,3.83
290,Coihaique,CL,2022-08-01 01:58:51,-45.5752,-72.0662,35.55,75,0,6.91
291,Dombarovskiy,RU,2022-08-01 01:58:51,50.7587,59.5386,66.27,69,97,4.61
292,Churapcha,RU,2022-08-01 01:58:51,62.0025,132.4325,83.37,43,100,10.76
293,Kendari,ID,2022-08-01 01:58:52,-3.945,122.4989,78.93,87,97,2.44
294,Tias,ES,2022-08-01 01:58:52,28.9611,-13.645,71.28,83,20,14.97
295,Panzhihua,CN,2022-08-01 01:58:52,26.5851,101.7128,75.79,77,89,1.34
296,Lervik,GB,2022-08-01 01:58:53,60.1545,-1.1494,51.8,82,84,10.85
297,Tiznit,MA,2022-08-01 01:58:53,29.5833,-9.5,82.04,36,20,1.03
298,Bilibino,RU,2022-08-01 01:58:00,68.0546,166.4372,66.4,37,60,6.38
299,Kokopo,PG,2022-08-01 01:58:53,-4.352,152.2633,86.67,60,63,9.1
300,Bowen,AU,2022-08-01 01:58:54,-20.0167,148.2333,72.39,68,2,13.13
301,Santa Rosa,PH,2022-08-01 01:58:54,14.3122,121.1114,87.1,80,100,1.57
302,Cam Ranh,VN,2022-08-01 01:54:13,11.9214,109.1591,89.56,58,0,0.0
303,Marcali,HU,2022-08-01 01:58:54,46.585,17.412,60.67,65,17,3.69
304,Lufilufi,WS,2022-08-01 01:58:55,-13.8745,-171.5986,87.58,80,85,19.17
305,Luganville,VU,2022-08-01 01:58:55,-15.5333,167.1667,80.29,80,27,11.86
306,Grindavik,IS,2022-08-01 01:58:55,63.8424,-22.4338,51.75,87,20,12.66
307,Romilly-Sur-Seine,FR,2022-08-01 01:58:56,48.5108,3.7263,65.52,86,0,3.51
308,Zhuhai,CN,2022-08-01 01:58:56,22.2769,113.5678,94.86,74,40,4.61
309,Kodiak,US,2022-08-01 01:58:56,57.79,-152.4072,59.85,81,96,4.18
310,Sindgi,IN,2022-08-01 01:58:57,16.9167,76.2333,79.12,77,78,11.27
311,Sechura,PE,2022-08-01 01:58:57,-5.5569,-80.8222,62.89,81,7,12.28
312,Ventspils,LV,2022-08-01 01:58:57,57.3894,21.5606,49.93,100,12,2.3
313,Sikonge,TZ,2022-08-01 01:58:58,-5.6333,32.7667,69.78,54,83,7.36
314,Clyde River,CA,2022-08-01 01:58:58,70.4692,-68.5914,35.83,100,100,5.75
315,Traverse City,US,2022-08-01 01:58:41,44.7631,-85.6206,77.11,64,1,7.61
316,Trelew,AR,2022-08-01 01:58:58,-43.249,-65.3051,45.88,79,100,6.69
317,Elko,US,2022-08-01 01:59:59,41.0002,-115.5012,93.22,15,72,14.0
318,Maningrida,AU,2022-08-01 01:59:59,-12.0667,134.2667,84.97,42,99,9.37
319,Itoman,JP,2022-08-01 01:59:59,26.1247,127.6694,79.18,94,75,21.85
320,Marawi,PH,2022-08-01 01:55:09,7.9986,124.2928,81.48,58,100,1.83
321,Saint-Augustin,CA,2022-08-01 02:00:00,51.226,-58.6502,65.53,67,87,9.37
322,Bathsheba,BB,2022-08-01 02:00:00,13.2167,-59.5167,83.01,91,40,19.57
323,Lata,PT,2022-08-01 02:00:00,40.1629,-8.3327,69.08,58,0,2.44
324,Grants Pass,US,2022-08-01 01:59:22,42.439,-123.3284,96.31,43,0,0.0
325,Oxapampa,PE,2022-08-01 02:00:01,-10.5775,-75.4017,59.67,96,76,1.34
326,Atar,MR,2022-08-01 02:00:01,20.5169,-13.0499,89.67,44,0,11.72
327,Vagur,FO,2022-08-01 02:00:02,61.4732,-6.8119,50.65,85,24,17.85
328,Colotlan,MX,2022-08-01 02:00:03,22.1,-103.2667,68.83,57,100,3.31
329,Ampanihy,MG,2022-08-01 02:00:03,-24.7,44.75,63.36,90,24,5.23
330,Touros,BR,2022-08-01 02:00:04,-5.1989,-35.4608,76.53,84,96,13.96
331,Kempsey,AU,2022-08-01 02:00:04,-31.0833,152.8333,66.94,60,92,1.99
332,Vostok,RU,2022-08-01 02:00:05,46.4856,135.8833,79.9,60,100,4.07
333,Hammerfest,NO,2022-08-01 02:00:06,70.6634,23.6821,55.85,76,40,5.75
334,Pauini,BR,2022-08-01 02:00:06,-7.7136,-66.9764,80.83,60,100,1.99
335,Palm Beach,US,2022-08-01 02:00:07,26.6503,-80.4498,85.01,82,15,6.89
336,Borger,NL,2022-08-01 02:00:07,52.9233,6.7931,64.47,94,72,9.1
337,Pacifica,US,2022-08-01 01:55:47,37.6138,-122.4869,74.73,87,75,19.57
338,Parrita,CR,2022-08-01 02:00:08,9.5201,-84.3225,78.55,88,63,1.59
339,Antalya,TR,2022-08-01 01:59:12,36.7741,30.7178,79.39,83,0,3.44
340,Lamas,PE,2022-08-01 02:00:08,-6.4167,-76.5333,70.43,74,91,2.26
341,Nokaneng,BW,2022-08-01 02:00:09,-19.6667,22.2667,55.4,24,0,6.78
342,Baranchinskiy,RU,2022-08-01 02:00:09,58.1617,59.6991,58.95,96,92,6.2
343,Christchurch,NZ,2022-08-01 01:59:01,-43.5333,172.6333,54.48,59,3,11.5
344,Ahmadpur,IN,2022-08-01 02:00:10,18.7,76.9333,77.65,83,100,7.49
345,Samarai,PG,2022-08-01 02:00:10,-10.6167,150.6667,81.34,76,64,11.65
346,Maceio,BR,2022-08-01 02:00:10,-9.6658,-35.7353,74.64,88,20,4.61
347,Zyryanka,RU,2022-08-01 01:55:52,65.75,150.85,79.25,37,100,19.77
348,Nakhon Phanom,TH,2022-08-01 02:00:11,17.3333,104.4167,80.02,84,85,3.02
349,Port Hedland,AU,2022-08-01 01:55:33,-20.3167,118.5667,78.85,31,31,11.5
350,Palmer,US,2022-08-01 02:00:11,42.1584,-72.3287,76.06,75,100,3.94
351,San Isidro,PE,2022-08-01 02:00:12,-12.1167,-77.05,60.01,86,54,8.88
352,Raisinghnagar,IN,2022-08-01 02:00:13,29.5358,73.4492,86.47,71,94,12.88
353,Katsuura,JP,2022-08-01 02:00:13,35.1333,140.3,87.28,72,92,11.65
354,Gusinoye Ozero,RU,2022-08-01 02:00:13,51.1144,106.2614,73.89,55,13,2.73
355,San Felipe,VE,2022-08-01 02:00:14,10.3399,-68.7425,72.97,97,90,2.68
356,Oktyabrskiy,RU,2022-08-01 01:58:36,54.4815,53.471,61.72,80,58,2.62
357,Kasongo-Lunda,CD,2022-08-01 02:00:14,-6.4667,16.8167,67.84,53,31,1.83
358,Hay River,CA,2022-08-01 02:00:15,60.8156,-115.7999,59.38,49,4,7.74
359,Hobyo,SO,2022-08-01 02:00:15,5.3505,48.5268,75.06,85,0,21.45
360,Henties Bay,NA,2022-08-01 02:00:15,-22.116,14.2845,54.27,70,95,6.11
361,Bilma,NE,2022-08-01 02:00:16,18.6853,12.9164,87.66,41,25,8.01
362,Mandalgovi,MN,2022-08-01 02:00:16,45.7625,106.2708,76.32,33,97,11.01
363,Shaowu,CN,2022-08-01 02:01:16,27.3409,117.4831,92.64,54,4,0.11
364,Tukrah,LY,2022-08-01 02:01:17,32.5341,20.5791,77.63,80,0,4.92
365,Kununurra,AU,2022-08-01 02:01:17,-15.7667,128.7333,85.98,15,40,11.5
366,Ust-Nera,RU,2022-08-01 02:01:17,64.5667,143.2,78.03,45,93,6.67
367,Yerbogachen,RU,2022-08-01 02:01:18,61.2767,108.0108,75.06,61,27,3.6
368,Icod De Los Vinos,ES,2022-08-01 02:01:18,28.3724,-16.7119,73.36,64,20,9.44
369,Pontianak,ID,2022-08-01 02:01:18,-0.0333,109.3333,82.38,78,20,4.61
370,Mount Isa,AU,2022-08-01 02:01:19,-20.7333,139.5,80.37,21,0,5.75
371,Pitimbu,BR,2022-08-01 02:01:19,-7.4706,-34.8086,76.21,83,79,11.36
372,Aberdare,GB,2022-08-01 02:01:19,51.7144,-3.4492,57.31,85,100,4.94
373,Kaitangata,NZ,2022-08-01 02:01:20,-46.2817,169.8464,49.08,64,100,8.1
374,Buin,CL,2022-08-01 02:01:20,-33.7333,-70.75,54.73,82,100,2.37
375,Olafsvik,IS,2022-08-01 02:01:20,64.8945,-23.7142,48.38,66,69,7.4
376,Kaputa,ZM,2022-08-01 02:01:21,-8.4689,29.6619,67.75,50,5,2.82
377,Batemans Bay,AU,2022-08-01 02:00:05,-35.7167,150.1833,59.09,43,3,12.12
378,Garden City,US,2022-08-01 02:00:45,42.3256,-83.331,77.99,72,1,5.5
379,Gallup,US,2022-08-01 02:01:21,35.5281,-108.7426,74.16,60,0,12.66
380,Ozernovskiy,RU,2022-08-01 02:01:22,51.5,156.5167,54.66,87,54,5.35
381,Matipo,BR,2022-08-01 02:01:22,-20.2839,-42.3411,61.47,85,38,2.66
382,Baykit,RU,2022-08-01 02:01:22,61.67,96.37,61.83,80,100,2.84
383,Chanute,US,2022-08-01 02:01:23,37.6792,-95.4572,82.62,63,2,11.5
384,Porto Velho,BR,2022-08-01 02:01:23,-8.7619,-63.9039,82.71,44,98,0.65
385,Novo Aripuana,BR,2022-08-01 02:01:23,-5.1206,-60.3797,76.46,76,51,3.04
386,Broome,US,2022-08-01 02:01:24,42.2506,-75.833,72.01,84,97,2.77
387,Ahipara,NZ,2022-08-01 02:01:24,-35.1667,173.1667,58.28,55,14,7.25
388,Show Low,US,2022-08-01 02:00:05,34.2542,-110.0298,73.69,71,0,10.36
389,Talcahuano,CL,2022-08-01 01:59:09,-36.7167,-73.1167,49.68,81,75,3.44
390,Tucupita,VE,2022-08-01 02:01:24,9.0622,-62.051,73.58,98,100,3.51
391,Karratha,AU,2022-08-01 02:00:44,-20.7377,116.8463,77.09,56,59,7.36
392,Houma,US,2022-08-01 01:57:30,29.5958,-90.7195,81.0,87,0,1.01
393,Kargopol,RU,2022-08-01 02:01:25,61.5071,38.9456,49.19,96,9,3.38
394,Challapata,BO,2022-08-01 02:01:25,-18.9,-66.7667,45.82,20,6,3.0
395,Kavaratti,IN,2022-08-01 02:01:25,10.5669,72.642,77.94,86,100,23.64
396,Stornoway,GB,2022-08-01 02:01:26,58.2093,-6.3865,50.94,90,50,4.61
397,Salalah,OM,2022-08-01 01:57:53,17.0151,54.0924,75.83,93,100,8.43
398,Saint-Philippe,RE,2022-08-01 02:01:26,-21.3585,55.7679,66.22,79,46,11.79
399,Praia,CV,2022-08-01 02:01:27,14.9215,-23.5087,76.3,78,65,6.89
400,Guiratinga,BR,2022-08-01 02:01:27,-16.3494,-53.7583,70.14,33,0,1.14
401,San Andres,CO,2022-08-01 02:01:27,12.5847,-81.7006,81.66,81,100,19.91
402,San Quintin,MX,2022-08-01 02:01:28,30.4833,-115.95,72.43,70,4,8.48
403,Adolfo Lopez Mateos,MX,2022-08-01 02:01:28,28.4667,-107.3,69.93,35,94,9.53
404,Caravelas,BR,2022-08-01 02:01:28,-17.7125,-39.2481,70.16,90,80,7.9
405,Waddan,LY,2022-08-01 02:01:29,29.1614,16.139,78.39,45,0,2.71
406,Taoudenni,ML,2022-08-01 02:01:29,22.6783,-3.9836,93.51,29,72,8.72
407,Isangel,VU,2022-08-01 02:01:29,-19.55,169.2667,76.59,78,92,16.71
408,Guatire,VE,2022-08-01 02:01:30,10.4762,-66.5427,72.57,96,84,2.04
409,La Libertad,EC,2022-08-01 02:01:16,-2.2333,-80.9,68.9,84,99,10.04
410,Oussouye,SN,2022-08-01 02:02:30,12.485,-16.5469,75.9,89,100,8.32
411,Oranjemund,NA,2022-08-01 02:02:31,-28.55,16.4333,53.58,49,0,10.69
412,Kharod,IN,2022-08-01 02:02:31,21.75,82.5667,84.04,71,100,6.33
413,Pevek,RU,2022-08-01 02:02:31,69.7008,170.3133,52.2,55,0,11.12
414,Victoria,HK,2022-08-01 02:02:06,22.2855,114.1577,92.25,73,90,1.99
415,Espinosa,BR,2022-08-01 02:02:32,-14.9261,-42.8192,72.79,59,77,11.59
416,Yuanping,CN,2022-08-01 02:02:32,38.7153,112.7575,81.34,64,0,2.91
417,Naze,JP,2022-08-01 02:02:32,28.3667,129.4833,81.28,82,96,19.93
418,Pizarro,CO,2022-08-01 02:02:33,4.9533,-77.366,77.11,91,100,6.11
419,Kovdor,RU,2022-08-01 02:02:33,67.5662,30.4758,52.11,98,100,1.79
420,Umm Lajj,SA,2022-08-01 02:02:33,25.0213,37.2685,83.53,58,49,5.12
421,Harper,LR,2022-08-01 02:02:34,4.375,-7.7169,74.93,79,100,12.82
422,Ilulissat,GL,2022-08-01 02:02:34,69.2167,-51.1,37.09,85,63,5.26
423,Kuytun,RU,2022-08-01 02:02:34,54.3419,101.5036,72.19,65,14,4.43
424,Omsukchan,RU,2022-08-01 02:02:35,62.5333,155.8,61.56,49,59,12.57
425,Daru,PG,2022-08-01 02:02:35,-9.0763,143.2092,80.19,84,77,11.54
426,Yabrud,SY,2022-08-01 02:02:35,33.9674,36.6574,67.26,39,0,3.36
427,Ulaangom,MN,2022-08-01 02:02:36,49.9811,92.0667,64.29,70,100,4.07
428,Bambous Virieux,MU,2022-08-01 01:58:41,-20.3428,57.7575,68.25,88,75,11.5
429,Bud,US,2022-08-01 02:02:36,39.447,-86.1758,75.22,80,1,2.86
430,San Policarpo,PH,2022-08-01 02:01:28,12.1791,125.5072,85.17,71,100,9.31
431,Dossor,KZ,2022-08-01 02:02:36,47.5272,52.9811,81.95,34,100,7.02
432,Vestmanna,FO,2022-08-01 02:02:37,62.1564,-7.1664,47.3,90,38,12.59
433,Kosh-Agach,RU,2022-08-01 02:02:37,50.0,88.6667,59.67,61,92,2.04
434,Havre-Saint-Pierre,CA,2022-08-01 02:02:37,50.2334,-63.5986,61.16,88,100,4.61
435,Banda Aceh,ID,2022-08-01 02:02:38,5.5577,95.3222,82.6,72,99,10.2
436,High Level,CA,2022-08-01 02:02:38,58.5169,-117.136,66.54,52,86,0.81
437,Savannah Bight,HN,2022-08-01 02:02:38,16.45,-85.85,82.65,80,23,20.71
438,The Valley,AI,2022-08-01 02:02:39,18.217,-63.0578,83.1,77,100,19.33
439,Kon Tum,VN,2022-08-01 02:02:39,14.35,108.0,78.55,82,96,2.75
440,Poltavka,RU,2022-08-01 02:02:39,54.3663,71.7632,66.2,82,22,7.81
441,Northam,GB,2022-08-01 02:02:40,51.0333,-4.2167,58.39,97,82,1.36
442,Lima,PE,2022-08-01 02:00:43,-12.0432,-77.0282,58.89,86,28,7.27
443,Fuling,CN,2022-08-01 02:02:40,29.7022,107.3919,88.47,58,0,1.72
444,Hanzhong,CN,2022-08-01 02:02:40,33.0728,107.0303,83.35,69,63,3.49
445,Vilhena,BR,2022-08-01 02:02:41,-12.7406,-60.1458,69.6,43,0,0.96
446,Silver City,US,2022-08-01 02:02:41,32.7701,-108.2803,84.16,43,0,3.44
447,Matay,EG,2022-08-01 02:02:42,28.419,30.7792,79.14,60,2,10.76
448,Vanavara,RU,2022-08-01 02:01:22,60.34,102.2797,71.82,70,15,3.22
449,Fethiye,TR,2022-08-01 02:02:42,36.6217,29.1164,80.47,40,0,4.52
450,Tamiahua,MX,2022-08-01 02:02:42,21.2667,-97.45,80.08,76,53,6.38
451,Ulladulla,AU,2022-08-01 02:01:34,-35.35,150.4667,60.17,50,0,14.07
452,Puerto Escondido,MX,2022-08-01 02:02:43,15.85,-97.0667,83.23,65,75,0.0
453,Kasamwa,TZ,2022-08-01 02:02:43,-2.85,32.4333,66.02,81,84,3.06
454,Boa Vista,BR,2022-08-01 02:00:37,2.8197,-60.6733,82.38,74,20,6.91
455,General Roca,AR,2022-08-01 02:03:43,-39.0333,-67.5833,49.46,53,90,3.94
456,San Cristobal,VE,2022-08-01 02:03:44,7.7669,-72.225,68.18,98,100,1.34
457,Turan,VN,2022-08-01 02:03:44,16.0678,108.2208,89.58,58,0,1.14
458,Shingu,JP,2022-08-01 02:03:44,33.7333,135.9833,89.74,62,48,9.89
459,Mayo,US,2022-08-01 02:03:45,38.8876,-76.5119,73.51,93,100,13.85
460,Thunder Bay,CA,2022-08-01 02:03:45,48.4001,-89.3168,58.05,96,74,2.06
461,Gorontalo,ID,2022-08-01 02:03:45,0.5412,123.0595,86.43,66,99,1.59
462,Flin Flon,CA,2022-08-01 02:03:46,54.7682,-101.865,60.67,78,93,4.9
463,Mao,ES,2022-08-01 02:03:46,39.8885,4.2658,75.76,60,0,6.91
464,Russell,US,2022-08-01 02:03:46,32.3502,-85.1999,87.4,61,20,3.44
465,Muros,ES,2022-08-01 02:03:47,42.7762,-9.0603,68.16,76,1,10.71
466,Hovd,MN,2022-08-01 01:59:00,48.0056,91.6419,69.75,48,98,2.8
467,Launceston,AU,2022-08-01 02:00:23,-41.45,147.1667,54.61,67,40,24.16
468,Diamantino,BR,2022-08-01 02:03:47,-14.4086,-56.4461,72.25,36,0,2.62
469,Tutoia,BR,2022-08-01 02:03:47,-2.7619,-42.2744,77.56,87,39,10.74
470,Altea,ES,2022-08-01 02:03:48,38.5989,-0.0514,79.68,73,9,1.99
471,Santa Vitoria Do Palmar,BR,2022-08-01 02:03:48,-33.5189,-53.3681,47.62,86,57,5.28
472,Ponta Delgada,PT,2022-08-01 02:03:48,37.7333,-25.6667,70.52,83,40,3.44
473,Khuzdar,PK,2022-08-01 02:03:49,27.7384,66.6434,75.25,84,82,4.92
474,Sao Raimundo Nonato,BR,2022-08-01 02:03:49,-9.0153,-42.6994,78.3,42,8,6.87
475,Marsaxlokk,MT,2022-08-01 02:03:49,35.8419,14.5431,81.09,89,20,5.75
476,Fukue,JP,2022-08-01 02:03:50,32.6881,128.8419,79.16,94,75,23.02
477,Nioro,GM,2022-08-01 02:03:50,13.35,-15.75,71.31,92,100,10.56
478,Sabha,LY,2022-08-01 02:03:50,27.0377,14.4283,80.44,23,0,10.2
479,Pacific Grove,US,2022-08-01 02:03:50,36.6177,-121.9166,70.45,84,0,6.91
480,Port Lincoln,AU,2022-08-01 02:03:51,-34.7333,135.8667,59.76,61,3,15.64
481,Kensington,AU,2022-08-01 02:03:51,-33.9167,151.2167,68.97,55,20,13.8
482,Port Elizabeth,ZA,2022-08-01 02:03:52,-33.918,25.5701,47.32,86,0,1.99
483,Labuhan,ID,2022-08-01 02:03:52,-6.8844,112.2051,81.86,68,32,5.39
484,Panguna,PG,2022-08-01 02:03:52,-6.3164,155.4848,84.0,52,82,4.7
485,Paamiut,GL,2022-08-01 02:03:11,61.994,-49.6678,45.81,88,100,4.16
486,Bo Phloi,TH,2022-08-01 02:03:53,14.3236,99.5161,84.31,73,100,4.59
487,Amazar,RU,2022-08-01 02:03:53,53.858,120.875,77.65,50,9,7.07
488,Sistranda,NO,2022-08-01 02:03:53,63.7256,8.834,51.76,77,100,8.46
489,Xuchang,CN,2022-08-01 02:00:28,34.0167,113.8167,88.43,58,5,4.29
490,Lokosovo,RU,2022-08-01 02:03:54,61.1333,74.8167,55.36,63,6,11.03
491,Worland,US,2022-08-01 02:03:54,44.0169,-107.9554,93.67,30,0,5.75
492,Beyneu,KZ,2022-08-01 02:03:54,45.3167,55.2,80.04,39,37,8.23
493,Sioux Lookout,CA,2022-08-01 02:03:55,50.1001,-91.917,60.87,94,100,9.22
494,Zhigansk,RU,2022-08-01 02:03:55,66.7697,123.3711,71.82,61,64,2.75
495,Sitka,US,2022-08-01 02:03:55,57.0531,-135.33,57.09,94,100,8.05
496,Karasburg,NA,2022-08-01 02:03:56,-28.0167,18.75,44.83,49,33,9.71
497,Storm Lake,US,2022-08-01 01:59:57,42.6411,-95.2097,81.64,69,0,8.05
498,Ornskoldsvik,SE,2022-08-01 02:01:18,63.2909,18.7153,58.15,100,100,4.61
499,Basco,PH,2022-08-01 02:02:44,20.4487,121.9702,85.32,76,100,14.14
500,La Vega,DO,2022-08-01 02:03:56,19.2221,-70.5296,76.05,95,20,4.47
501,Mossendjo,CG,2022-08-01 02:04:57,-2.9506,12.7261,62.29,98,0,2.37
502,Tarnova,RO,2022-08-01 02:04:57,46.3167,21.8,60.75,90,72,1.72
503,Shirdi,IN,2022-08-01 02:04:57,19.7667,74.4833,75.92,79,34,11.14
504,Pueblo Nuevo,MX,2022-08-01 02:04:58,23.3833,-105.3833,58.42,96,99,1.5
505,Coper,CO,2022-08-01 02:04:58,5.4768,-74.0442,67.64,97,100,4.76
506,Hami,CN,2022-08-01 02:04:58,42.8,93.45,88.32,24,100,7.92
507,Pareora,NZ,2022-08-01 02:04:59,-44.4871,171.2132,53.19,48,91,8.52
508,Lukulu,ZM,2022-08-01 02:04:59,-14.3707,23.242,54.54,30,0,6.08
509,Champerico,GT,2022-08-01 02:02:35,14.3,-91.9167,77.13,82,100,7.85
510,Santa Leopoldina,BR,2022-08-01 02:04:59,-20.1006,-40.5297,69.62,97,39,1.52
511,San Juan,AR,2022-08-01 02:03:18,-31.5375,-68.5364,57.7,32,12,5.39
512,Bozuyuk,TR,2022-08-01 02:05:00,39.9078,30.0367,66.54,92,0,4.34
513,Pavilosta,LV,2022-08-01 02:05:00,56.8879,21.1859,60.71,80,38,8.97
514,Tolyatti,RU,2022-08-01 02:05:00,53.5303,49.3461,64.17,87,77,9.19
515,Zheleznodorozhnyy,RU,2022-08-01 02:05:01,55.7503,38.0042,61.32,75,29,4.25
516,Larap,PH,2022-08-01 02:05:01,14.299,122.6504,84.7,72,100,5.46
517,Nakamura,JP,2022-08-01 02:05:02,32.9833,132.9333,85.14,77,58,6.26
518,Burgeo,CA,2022-08-01 02:05:02,47.6167,-57.6152,61.77,86,55,9.51
519,Rudnichnyy,RU,2022-08-01 02:05:02,59.617,52.4703,59.86,87,6,0.43
520,Vila Franca Do Campo,PT,2022-08-01 02:05:03,37.7167,-25.4333,70.21,85,4,4.36
521,Nishihara,JP,2022-08-01 02:05:03,26.1842,127.7558,80.26,94,75,21.85
522,Nantucket,US,2022-08-01 02:04:46,41.2835,-70.0995,75.31,92,0,8.05
523,Poum,NC,2022-08-01 02:05:03,-20.2333,164.0167,73.29,71,96,11.56
524,Los Llanos De Aridane,ES,2022-08-01 02:05:04,28.6585,-17.9182,67.75,95,20,14.97
525,Waitati,NZ,2022-08-01 02:05:04,-45.75,170.5667,52.81,61,93,4.76
526,Harrisonburg,US,2022-08-01 02:05:04,38.4496,-78.8689,70.16,93,100,0.0
527,Shubarshi,KZ,2022-08-01 02:05:05,48.5872,57.1869,74.1,46,63,1.28
528,Medea,DZ,2022-08-01 02:05:05,36.2642,2.7539,67.8,86,0,3.13
529,Novo Oriente,BR,2022-08-01 02:05:05,-5.5344,-40.7742,72.39,80,32,1.14
530,Ebreichsdorf,AT,2022-08-01 02:05:06,47.95,16.4,71.67,71,99,2.15
531,Doha,QA,2022-08-01 02:05:06,25.2867,51.5333,93.18,70,0,5.75
532,Kaseda,JP,2022-08-01 02:05:06,31.4167,130.3167,85.1,77,98,16.13
533,Liling,CN,2022-08-01 02:05:07,27.6667,113.5,92.97,45,6,3.24
534,Batticaloa,LK,2022-08-01 02:05:07,7.7102,81.6924,80.58,79,98,3.02
535,Bartica,GY,2022-08-01 02:05:07,6.4,-58.6167,79.12,98,79,1.83
536,Edgewater,US,2022-08-01 02:05:08,28.9889,-80.9023,83.12,83,1,8.93
537,Manaure,CO,2022-08-01 02:05:08,11.7751,-72.4445,81.63,76,6,22.21
538,Jutai,BR,2022-08-01 02:05:08,-5.1833,-68.9,74.17,91,89,1.36
539,Jackson,US,2022-08-01 02:02:41,42.4165,-122.8345,93.07,38,0,11.5
540,Corn Island,NI,2022-08-01 02:05:09,12.1694,-83.0418,81.72,80,100,17.52
541,Abeche,TD,2022-08-01 02:05:09,13.8292,20.8324,76.8,79,100,3.38
542,San Luis,AR,2022-08-01 02:05:09,-33.295,-66.3356,53.37,41,76,9.95
543,Werda,BW,2022-08-01 02:05:10,-25.2667,23.2833,57.15,26,80,11.45
544,Dubrovka,RU,2022-08-01 02:05:10,53.6907,33.5071,58.51,81,100,6.46
545,Bitung,ID,2022-08-01 02:05:10,1.4451,125.1824,88.65,69,89,4.7
546,Peniche,PT,2022-08-01 02:05:11,39.3558,-9.3811,67.28,95,0,5.14
547,Valuyki,RU,2022-08-01 02:05:11,50.2035,38.1067,61.0,70,25,9.06
548,Kulhudhuffushi,MV,2022-08-01 02:02:41,6.6221,73.07,78.15,79,100,35.41
549,Kapit,MY,2022-08-01 02:06:11,2.0167,112.9333,77.61,88,100,1.5
550,Beringovskiy,RU,2022-08-01 02:06:12,63.05,179.3167,50.14,62,100,4.92
551,Sorland,NO,2022-08-01 02:06:12,67.667,12.6934,53.46,84,100,11.72
552,Crestview,US,2022-08-01 02:06:12,30.7621,-86.5705,87.24,74,0,0.0
553,Arica,CL,2022-08-01 02:06:13,-18.475,-70.3042,61.03,72,100,8.05
554,Cartagena,CO,2022-08-01 02:02:53,10.3997,-75.5144,80.74,87,75,13.51
555,Tonekabon,IR,2022-08-01 02:06:13,36.8163,50.8738,77.63,81,28,0.92
556,Pedernales,DO,2022-08-01 02:06:14,18.0384,-71.744,82.8,74,2,9.91
557,Guararema,BR,2022-08-01 02:06:14,-23.415,-46.035,53.74,92,1,0.65
558,Norcasia,CO,2022-08-01 02:06:14,5.5778,-74.8852,70.77,97,100,1.83
559,Port Huron,US,2022-08-01 02:06:15,42.9709,-82.4249,72.86,70,0,5.75
560,Kaeo,NZ,2022-08-01 02:06:15,-35.1,173.7833,59.47,49,8,2.73
561,Marsh Harbour,BS,2022-08-01 02:05:31,26.5412,-77.0636,83.17,73,100,11.83
562,Antalaha,MG,2022-08-01 02:06:16,-14.9003,50.2788,66.67,90,60,5.73
563,Emba,KZ,2022-08-01 02:06:16,48.8264,58.1442,73.87,46,100,3.56
564,Muisne,EC,2022-08-01 02:06:16,0.6,-80.0333,73.74,87,100,10.13
565,Smidovich,RU,2022-08-01 02:06:17,48.6,133.8167,81.32,75,51,3.83
566,Xinqing,CN,2022-08-01 02:06:17,48.2333,129.5,79.7,79,21,5.57
567,Tilichiki,RU,2022-08-01 02:01:22,60.4667,166.1,56.82,64,18,7.94
568,Kilakarai,IN,2022-08-01 02:06:17,9.2333,78.7833,81.03,76,100,2.35
569,Puri,IN,2022-08-01 02:06:18,19.8,85.85,84.72,73,100,13.42
570,Pali,IN,2022-08-01 02:06:18,25.7667,73.3333,80.38,83,59,14.12
571,Berezniki,RU,2022-08-01 02:06:18,59.4152,56.8124,62.4,89,100,3.85
572,Loreto,MX,2022-08-01 02:06:19,22.2667,-101.9667,68.88,47,88,11.34
573,Ondjiva,AO,2022-08-01 02:06:19,-17.0667,15.7333,51.33,42,0,3.02
574,Ancud,CL,2022-08-01 02:03:21,-41.8697,-73.8203,42.22,85,100,1.05
575,Boyolangu,ID,2022-08-01 02:06:19,-8.1181,111.8935,80.69,68,8,1.23
